Name,Number
MARY,3991060
PATRICIA,1628911
LINDA,1571224
BARBARA,1487729
ELIZABETH,1422451
JENNIFER,1414861
MARIA,1256979
SUSAN,1205364
MARGARET,1165894
DOROTHY,1103652
LISA,1068736
NANCY,1015603
KAREN,1012567
BETTY,1011048
HELEN,1006494
SANDRA,954879
DONNA,885047
CAROL,857721
RUTH,853167
SHARON,792443
MICHELLE,787889
LAURA,774226
SARAH,771190
KIMBERLY,765118
DEBORAH,749937
JESSICA,743864
SHIRLEY,731720
CYNTHIA,711985
ANGELA,710466
MELISSA,701358
BRENDA,690731
AMY,684659
ANNA,667960
VIRGINIA,652779
REBECCA,652779
KATHLEEN,643670
PAMELA,631526
MARTHA,625453
DEBRA,619381
AMANDA,613309
STEPHANIE,607236
CAROLYN,584465
CHRISTINE,579911
MARIE,575356
JANET,575356
CATHERINE,566248
FRANCES,561694
JOYCE,552585
ANN,552585
DIANE,544995
ALICE,541958
JULIE,528296
HEATHER,511597
TERESA,510078
GLORIA,508560
DORIS,508560
EVELYN,488825
JEAN,478199
CHERYL,478199
MILDRED,475162
KATHERINE,475162
JOAN,464536
ASHLEY,459981
JUDITH,450873
ROSE,449355
JANICE,432656
KELLY,429620
NICOLE,426583
JUDY,418993
CHRISTINA,417475
KATHY,412921
THERESA,411403
BEVERLY,405330
DENISE,400776
TAMMY,393185
IRENE,382559
JANE,379523
LORI,376486
RACHEL,367378
MARILYN,365860
ANDREA,358269
KATHRYN,355233
SARA,347643
LOUISE,347643
JACQUELINE,346125
ANNE,346125
WANDA,343089
JULIA,338534
BONNIE,338534
RUBY,335498
TINA,333980
LOIS,333980
PHYLLIS,332462
NORMA,330944
PAULA,329426
DIANA,327908
ANNIE,327908
LILLIAN,320317
ROBIN,315763
PEGGY,315763
EMILY,315763
CRYSTAL,314245
GLADYS,311209
RITA,309691
DAWN,306654
FLORENCE,303618
CONNIE,303618
TRACY,299064
EDNA,299064
TIFFANY,296028
CARMEN,296028
ROSA,294510
CINDY,291473
GRACE,286919
WENDY,280847
VICTORIA,273256
EDITH,271738
SHERRY,270220
KIM,270220
SYLVIA,268702
JOSEPHINE,268702
THELMA,265666
SHEILA,265666
SHANNON,265666
ETHEL,264148
MARJORIE,262630
ELLEN,262630
ELAINE,262630
CARRIE,259594
CHARLOTTE,256557
MONICA,252003
ESTHER,252003
PAULINE,250485
EMMA,250485
JUANITA,248967
RHONDA,245931
ANITA,245931
HAZEL,244413
AMBER,242895
EVA,241376
DEBBIE,238340
LESLIE,233786
APRIL,233786
LUCILLE,232268
JAMIE,232268
CLARA,232268
JOANNE,227714
ELEANOR,227714
VALERIE,226196
DANIELLE,226196
MEGAN,223159
ALICIA,221641
SUZANNE,220123
MICHELE,220123
GAIL,220123
BERTHA,217087
VERONICA,215569
JILL,215569
DARLENE,215569
GERALDINE,214051
ERIN,214051
LAUREN,207978
CATHY,207978
JOANN,206460
SALLY,204942
LYNN,204942
LORRAINE,204942
REGINA,201906
ERICA,197352
BEATRICE,197352
DOLORES,195834
BERNICE,194316
AUDREY,192798
YVONNE,191279
JUNE,189761
ANNETTE,189761
SAMANTHA,188243
MARION,185207
DANA,185207
STACY,183689
RENEE,182171
ANA,182171
VIVIAN,179135
IDA,179135
ROBERTA,177617
HOLLY,177617
BRITTANY,177617
MELANIE,176099
YOLANDA,174580
LORETTA,174580
JEANETTE,174580
LAURIE,173062
KATIE,171544
VANESSA,168508
SUE,168508
KRISTEN,168508
ALMA,168508
ELSIE,166990
BETH,166990
VICKI,165472
JEANNE,165472
TARA,162436
ROSEMARY,162436
CARLA,162436
TERRI,159400
EILEEN,159400
LUCY,156363
GERTRUDE,156363
TONYA,154845
STACEY,153327
ELLA,153327
WILMA,150291
KRISTIN,150291
GINA,150291
VERA,148773
NATALIE,148773
JESSIE,148773
AGNES,148773
WILLIE,147255
CHARLENE,147255
BESSIE,145737
DELORES,144219
PEARL,142701
MELINDA,142701
ARLENE,142701
TAMARA,139664
MAUREEN,139664
COLLEEN,139664
ALLISON,139664
JOY,138146
GEORGIA,138146
CONSTANCE,138146
MARCIA,136628
LILLIE,136628
JACKIE,136628
CLAUDIA,136628
TANYA,135110
NELLIE,135110
MINNIE,135110
MARLENE,133592
HEIDI,133592
GLENDA,133592
VIOLA,130556
MARIAN,130556
LYDIA,130556
COURTNEY,130556
STELLA,129038
CAROLINE,129038
DORA,127520
JO,126002
VICKIE,124483
MATTIE,122965
TERRY,121447
MAXINE,119929
IRMA,119929
MYRTLE,118411
MARSHA,118411
MABEL,118411
LENA,116893
CHRISTY,116893
PATSY,115375
DEANNA,115375
HILDA,113857
GWENDOLYN,112339
NORA,110821
JENNIE,110821
NINA,109303
MARGIE,109303
LEAH,109303
CASSANDRA,109303
PRISCILLA,107784
PENNY,107784
NAOMI,107784
KAY,107784
CAROLE,107784
OLGA,106266
BRANDY,106266
TRACEY,104748
LEONA,104748
DIANNE,104748
BILLIE,104748
SONIA,103230
JENNY,103230
FELICIA,103230
VELMA,100194
MIRIAM,100194
BECKY,100194
VIOLET,98676
KRISTINA,98676
BOBBIE,98676
TONI,97158
MISTY,95640
MAE,95640
SHERRI,94122
SHELLY,94122
RAMONA,94122
DAISY,94122
KATRINA,92604
ERIKA,92604
CLAIRE,92604
LINDSEY,91085
LINDSAY,91085
SHERYL,89567
MARGARITA,89567
GUADALUPE,89567
GENEVA,89567
BELINDA,89567
FAYE,88049
CORA,88049
SABRINA,86531
NATASHA,86531
ISABEL,86531
ADA,86531
MARGUERITE,85013
HATTIE,85013
HARRIET,85013
SANDY,83495
ROSIE,83495
MOLLY,83495
KRISTI,83495
JOANNA,83495
IRIS,83495
CECILIA,83495
BRANDI,83495
BLANCHE,83495
EUNICE,81977
ANGIE,81977
LYNDA,80459
INEZ,80459
MADELINE,78941
AMELIA,78941
ALBERTA,78941
SONYA,77423
MONIQUE,77423
MAGGIE,77423
LEE,77423
KRISTINE,77423
KAYLA,77423
JODI,77423
JANIE,77423
JAN,77423
GENEVIEVE,77423
CANDACE,77423
YVETTE,75905
OPAL,75905
MELODY,75905
MARYANN,75905
FANNIE,75905
ALISON,75905
SUSIE,74386
SHELLEY,74386
OLIVIA,74386
LUZ,74386
FLORA,74386
VERNA,72868
MAMIE,72868
LULA,72868
LOLA,72868
KRISTY,72868
BEULAH,72868
ANTOINETTE,72868
PAM,69832
KELLI,69832
JUANA,69832
JEANNETTE,69832
CANDICE,69832
WHITNEY,68314
HANNAH,68314
BRIDGET,68314
KARLA,66796
CELIA,66796
VICKY,65278
SHELIA,65278
PATTY,65278
LYNNE,65278
LATOYA,65278
GAYLE,65278
DELLA,65278
SHERI,63760
MARIANNE,63760
KARA,62242
JACQUELYN,62242
ERMA,62242
BLANCA,62242
ROXANNE,60724
PAT,60724
MYRA,60724
LETICIA,60724
KRISTA,60724
SADIE,59206
ROSALIE,59206
ROBYN,59206
JOHNNIE,59206
FRANCIS,59206
BROOKE,59206
BETHANY,59206
BERNADETTE,59206
ANGELICA,59206
ALEXANDRA,59206
ADRIENNE,59206
TRACI,57687
RACHAEL,57687
NICHOLE,57687
MURIEL,57687
MABLE,57687
KENDRA,57687
JODY,57687
JASMINE,57687
ERNESTINE,57687
CHELSEA,57687
MARCELLA,56169
KRYSTAL,56169
ELENA,56169
ANGELINA,56169
PAULETTE,54651
NADINE,54651
LORA,54651
KARI,54651
ESTELLE,54651
DIANNA,54651
ROSEMARIE,53133
MONA,53133
DOREEN,53133
DESIREE,53133
ANTONIA,53133
ANGEL,53133
JANIS,51615
HOPE,51615
GINGER,51615
FREDA,51615
CHRISTIE,51615
BETSY,51615
TERI,50097
MEREDITH,50097
MERCEDES,50097
LYNETTE,50097
EULA,50097
CRISTINA,50097
SOPHIA,48579
ROCHELLE,48579
MEGHAN,48579
LEIGH,48579
GRETCHEN,48579
ELOISE,48579
CECELIA,48579
RAQUEL,47061
KERRY,47061
KELLEY,47061
JANA,47061
HENRIETTA,47061
GWEN,47061
ALYSSA,47061
TRICIA,45543
TASHA,45543
OLIVE,45543
LAVERNE,45543
JENNA,45543
ALEXIS,45543
SOPHIE,44025
SONJA,44025
SILVIA,44025
PATTI,44025
MINDY,44025
MAY,44025
MANDY,44025
LORENA,44025
LILA,44025
LANA,44025
KELLIE,44025
KATE,44025
ESSIE,44025
ELVIRA,44025
DELIA,44025
DARLA,44025
CASEY,44025
SHARI,42507
MIRANDA,42507
MARTA,42507
LUCIA,42507
LORENE,42507
LELA,42507
JOSEFINA,42507
JOHANNA,42507
JEANNIE,42507
FAITH,42507
ELSA,42507
DIXIE,42507
CAMILLE,42507
WINIFRED,40988
TAMI,40988
TABITHA,40988
SHAWNA,40988
RENA,40988
ORA,40988
OLLIE,40988
NETTIE,40988
MELBA,40988
MARINA,40988
KRISTIE,40988
JAIME,40988
ELISA,40988
EBONY,40988
ALISHA,40988
AIMEE,40988
TAMMIE,39470
SHERRIE,39470
RONDA,39470
PATRICE,39470
MYRNA,39470
MARLA,39470
LATASHA,39470
BONITA,39470
ADDIE,39470
STACIE,37952
SHELBY,37952
REBEKAH,37952
LUCINDA,37952
JEWEL,37952
FRANCINE,37952
DORTHY,37952
DELORIS,37952
CHERI,37952
CELESTE,37952
CARA,37952
ADRIANA,37952
ADELE,37952
ABIGAIL,37952
TRISHA,36434
TRINA,36434
TRACIE,36434
SHAWN,36434
SALLIE,36434
REBA,36434
NIKKI,36434
MARISSA,36434
LOURDES,36434
LOTTIE,36434
LENORA,36434
LAUREL,36434
KERRI,36434
KELSEY,36434
KARIN,36434
JOSIE,36434
JANELLE,36434
HELENE,36434
FRANCISCA,36434
FERN,36434
ETTA,36434
ESTELLA,36434
ELVA,36434
EFFIE,36434
CORINNE,36434
CHRIS,36434
BRITTNEY,36434
AURORA,36434
MAUDE,34916
JENIFER,34916
IVA,34916
INGRID,34916
INA,34916
GOLDIE,34916
EUGENIA,34916
ELISABETH,34916
CHRISTA,34916
CASSIE,34916
CAITLIN,34916
BETTIE,34916
AIDA,34916
THERESE,33398
TAMIKA,33398
ROSETTA,33398
POLLY,33398
MORGAN,33398
LORNA,33398
LATONYA,33398
JANETTE,33398
FRANKIE,33398
DINA,33398
DENA,33398
DEBORA,33398
CONSUELO,33398
CHERIE,33398
CANDY,33398
TRUDY,31880
STEFANIE,31880
SHANNA,31880
PATRICA,31880
NELL,31880
KIMBERLEY,31880
JILLIAN,31880
JEWELL,31880
HELENA,31880
FAY,31880
ESPERANZA,31880
DOROTHEA,31880
CLEO,31880
CAROLINA,31880
SUSANNE,30362
ROSARIO,30362
OLA,30362
MOLLIE,30362
MARIBEL,30362
LUPE,30362
LOU,30362
JANINE,30362
ALISA,30362
SUSANA,28844
RACHELLE,28844
PETRA,28844
PAIGE,28844
LESLEY,28844
LEOLA,28844
KEISHA,28844
JONI,28844
JOLENE,28844
JOCELYN,28844
ISABELLE,28844
IMOGENE,28844
GRACIELA,28844
ESTER,28844
ELISE,28844
DAPHNE,28844
CECILE,28844
BETTE,28844
ALTA,28844
URSULA,27326
TONIA,27326
SONDRA,27326
SHANA,27326
ROSALIND,27326
MAYRA,27326
MARISOL,27326
MARISA,27326
LIZZIE,27326
LACEY,27326
KIRSTEN,27326
KERI,27326
JAYNE,27326
JACLYN,27326
GRACIE,27326
GLENNA,27326
GABRIELA,27326
CLARICE,27326
CHARITY,27326
CARMELA,27326
BEATRIZ,27326
ADELINE,27326
SUMMER,25808
STACI,25808
SHEENA,25808
SHAUNA,25808
ROBBIE,25808
MILLIE,25808
MARGRET,25808
LUELLA,25808
LILY,25808
LEA,25808
KATHARINE,25808
JUSTINE,25808
JODIE,25808
JIMMIE,25808
JEANINE,25808
GABRIELLE,25808
FRIEDA,25808
ELMA,25808
CLAUDETTE,25808
CHRISTI,25808
CATHLEEN,25808
AUTUMN,25808
ANGELINE,25808
ANGELIA,25808
WINNIE,24289
WILLA,24289
SYBIL,24289
SOCORRO,24289
SELMA,24289
RENE,24289
MAVIS,24289
MARTINA,24289
MARITZA,24289
MARGO,24289
MARCY,24289
MANUELA,24289
LUISA,24289
LUCILE,24289
LORIE,24289
LEANNE,24289
LARA,24289
LADONNA,24289
JEANNINE,24289
IVY,24289
GALE,24289
DOMINIQUE,24289
DOLLY,24289
DEE,24289
DEANA,24289
DALE,24289
CALLIE,24289
BOBBI,24289
AILEEN,24289
ABBY,24289
VIRGIE,22771
SIMONE,22771
RANDI,22771
OFELIA,22771
MEAGAN,22771
MATILDA,22771
MAGDALENA,22771
LEILA,22771
LEANN,22771
LATISHA,22771
JERI,22771
GEORGINA,22771
ELIZA,22771
CORNELIA,22771
BRIDGETTE,22771
BIANCA,22771
BETTYE,22771
BARBRA,22771
AUDRA,22771
VALARIE,21253
TIA,21253
TERRIE,21253
SHARRON,21253
RUTHIE,21253
ROSALYN,21253
RHODA,21253
RAE,21253
NOLA,21253
NELDA,21253
MINERVA,21253
MIA,21253
LILLY,21253
LIDIA,21253
LETHA,21253
LENORE,21253
JAMI,21253
ILA,21253
HILARY,21253
HALEY,21253
GRETA,21253
FLOSSIE,21253
ESTELA,21253
ERICKA,21253
ELNORA,21253
EARLINE,21253
DONA,21253
CORRINE,21253
CONCEPCION,21253
CLARISSA,21253
CHANDRA,21253
CATALINA,21253
BRIANNA,21253
BERNADINE,21253
AVA,21253
ALEXANDRIA,21253
ADELA,21253
ZELMA,19735
TOMMIE,19735
TANIA,19735
TAMEKA,19735
TABATHA,19735
SOFIA,19735
SERENA,19735
SAUNDRA,19735
PENELOPE,19735
PEARLIE,19735
ODESSA,19735
NOREEN,19735
NEVA,19735
NANNIE,19735
MILAGROS,19735
MELISA,19735
MARYLOU,19735
MALINDA,19735
LORAINE,19735
KARINA,19735
JEANIE,19735
HILLARY,19735
HARRIETT,19735
EVE,19735
ESMERALDA,19735
EMILIA,19735
BENITA,19735
AVIS,19735
ASHLEE,19735
AMIE,19735
ALLYSON,19735
ALLIE,19735
TAYLOR,18217
TANISHA,18217
SELENA,18217
ROSALINDA,18217
NOEMI,18217
NITA,18217
MICHAEL,18217
MARCIE,18217
MALLORY,18217
LOUISA,18217
LORRIE,18217
LIZA,18217
LILIA,18217
KATY,18217
JULIANNE,18217
JORDAN,18217
JOHN,18217
JERRI,18217
GAY,18217
ELINOR,18217
EARNESTINE,18217
EARLENE,18217
DARCY,18217
CLARE,18217
CARMELLA,18217
CARLENE,18217
ANNABELLE,18217
ALTHEA,18217
ALEJANDRA,18217
ALANA,18217
YESENIA,16699
VALERIA,16699
TAMMI,16699
SUZETTE,16699
ROXIE,16699
ROSLYN,16699
OPHELIA,16699
NONA,16699
NANETTE,16699
NADIA,16699
MITZI,16699
MERLE,16699
MELVA,16699
MARYANNE,16699
MARICELA,16699
MARI,16699
MARGERY,16699
MADGE,16699
LUANN,16699
LINA,16699
LILIAN,16699
LAWANDA,16699
LAVONNE,16699
LAKISHA,16699
KRIS,16699
KENYA,16699
KAYE,16699
KATHRINE,16699
KATHIE,16699
KASEY,16699
JULIANA,16699
JERRY,16699
ILENE,16699
GEORGETTE,16699
FRAN,16699
EVANGELINE,16699
EDWINA,16699
EDDIE,16699
DOLLIE,16699
DEANNE,16699
CORINE,16699
COLETTE,16699
CLAUDINE,16699
CHRYSTAL,16699
CHARMAINE,16699
ALISSA,16699
ALINE,16699
YOUNG,15181
WENDI,15181
VILMA,15181
TESSA,15181
SUSANNA,15181
SHEREE,15181
SAVANNAH,15181
SASHA,15181
ROSELLA,15181
ROSEANN,15181
ROSANNE,15181
REVA,15181
NATALIA,15181
MARVA,15181
MARIETTA,15181
MARCI,15181
MADELYN,15181
LYNNETTE,15181
LILIANA,15181
LESSIE,15181
LEONOR,15181
LAKEISHA,15181
KATELYN,15181
JULIETTE,15181
JOSEFA,15181
JANNA,15181
JAMES,15181
IMELDA,15181
GENA,15181
ELVIA,15181
DEIRDRE,15181
DEIDRE,15181
DEENA,15181
CORINA,15181
CHRISTIAN,15181
CHASITY,15181
CARLY,15181
BRIANA,15181
BERTA,15181
AURELIA,15181
AUGUSTA,15181
ARLINE,15181
ARACELI,15181
ANASTASIA,15181
AMALIA,15181
ALYCE,15181
WILDA,13663
TWILA,13663
TISHA,13663
TAMRA,13663
TAMERA,13663
ROWENA,13663
ROSANNA,13663
RHEA,13663
REYNA,13663
QUEEN,13663
PHOEBE,13663
MILLICENT,13663
MAURA,13663
MARYELLEN,13663
MARQUITA,13663
MARIANA,13663
MARA,13663
MAI,13663
MADELEINE,13663
LOLITA,13663
LIZ,13663
LELIA,13663
LEANNA,13663
LAURI,13663
LACY,13663
KATINA,13663
KATHERYN,13663
KARYN,13663
KAITLIN,13663
JULIET,13663
JANNIE,13663
JANELL,13663
JACKLYN,13663
INES,13663
HOLLIE,13663
HESTER,13663
HELGA,13663
HALLIE,13663
GILDA,13663
FREIDA,13663
FRANCESCA,13663
FLORINE,13663
FANNY,13663
EVANGELINA,13663
ERNA,13663
ENID,13663
DIONNE,13663
DIANN,13663
CONCETTA,13663
COLEEN,13663
CHERRY,13663
CATHRYN,13663
CASANDRA,13663
CARISSA,13663
CAREY,13663
BRITNEY,13663
BRIGITTE,13663
BRIDGETT,13663
BERYL,13663
BERTIE,13663
ANNMARIE,13663
ANGELITA,13663
ANGELIQUE,13663
AMPARO,13663
ALYSON,13663
ALFREDA,13663
ALBA,13663
AISHA,13663
ADRIAN,13663
ZELDA,12145
VONDA,12145
TORI,12145
TERRA,12145
SYDNEY,12145
SIERRA,12145
SHARLENE,12145
SELINA,12145
ROSALIA,12145
ROCIO,12145
ROBERT,12145
RENAE,12145
PANSY,12145
PAMALA,12145
OCTAVIA,12145
NOELLE,12145
NELLY,12145
NAN,12145
MONIKA,12145
MINA,12145
MICHELL,12145
MICHAELA,12145
MELLISA,12145
MARGOT,12145
MA,12145
LOUELLA,12145
LIBBY,12145
LETITIA,12145
LETA,12145
LESA,12145
LEEANN,12145
LATANYA,12145
LASHONDA,12145
LAKESHA,12145
KITTY,12145
KIMBERLEE,12145
KATHI,12145
KAITLYN,12145
JUSTINA,12145
JUDI,12145
JESSE,12145
JASMIN,12145
JADE,12145
ISABELLA,12145
HERMINIA,12145
GUSSIE,12145
GERMAINE,12145
GERI,12145
GAYLA,12145
FELECIA,12145
EMILIE,12145
ELISHA,12145
ELDA,12145
ELBA,12145
EDYTHE,12145
DORETHA,12145
DESSIE,12145
DENICE,12145
DEIDRA,12145
DEANN,12145
DAYNA,12145
CORTNEY,12145
CHELSEY,12145
CELINA,12145
CARYN,12145
CAMILLA,12145
BRANDIE,12145
BOBBY,12145
BEVERLEY,12145
ASHLEIGH,12145
ANTIONETTE,12145
ALLENE,12145
ADELAIDE,12145
ABBIE,12145
YONG,10627
WINONA,10627
WILLIAM,10627
WILHELMINA,10627
VIRGINA,10627
VIDA,10627
VERNICE,10627
VERDA,10627
VEDA,10627
TREVA,10627
TILLIE,10627
THEODORA,10627
TESSIE,10627
TERESITA,10627
TERA,10627
TAWANA,10627
TARYN,10627
SUN,10627
SOLEDAD,10627
SHONDA,10627
SHIELA,10627
SHELLIE,10627
ROSITA,10627
ROSALEE,10627
ROBBIN,10627
RETHA,10627
REBECA,10627
RACHEAL,10627
PORTIA,10627
PATTIE,10627
OMA,10627
NILDA,10627
MIGDALIA,10627
MERRY,10627
MAURINE,10627
MAUDIE,10627
MARYJANE,10627
MARYBETH,10627
MARISELA,10627
MARILYNN,10627
MARIANNA,10627
MALISSA,10627
LUCRETIA,10627
LONA,10627
LEORA,10627
LATRICE,10627
LASHAWN,10627
KRYSTLE,10627
KARRIE,10627
JENA,10627
JEANNA,10627
JAQUELINE,10627
JANEL,10627
JACQULINE,10627
IVETTE,10627
IONA,10627
IOLA,10627
HORTENCIA,10627
HANNA,10627
GUILLERMINA,10627
GRISELDA,10627
FREDDIE,10627
FATIMA,10627
ERNESTINA,10627
ELOISA,10627
ELIDA,10627
ELIA,10627
ELEANORE,10627
DOTTIE,10627
DINAH,10627
DEVON,10627
DESTINY,10627
DEMETRIA,10627
DELPHINE,10627
DELMA,10627
DELILAH,10627
DEBBY,10627
DARA,10627
DANNA,10627
DANIELA,10627
DANETTE,10627
CINDI,10627
CHRISTIN,10627
CHRISTEN,10627
CHONG,10627
CHLOE,10627
CHANTEL,10627
CELESTINE,10627
CATRINA,10627
CARI,10627
CAREN,10627
BRIANNE,10627
BIRDIE,10627
BESS,10627
BENNIE,10627
BELLE,10627
AUBREY,10627
ATHENA,10627
ARLEEN,10627
ARIEL,10627
ALENE,10627
ALECIA,10627
AGATHA,10627
ADRIANNE,10627
ADELINA,10627
ZOILA,9109
ZOE,9109
ZENAIDA,9109
ZELLA,9109
VESTA,9109
VERNELL,9109
VENUS,9109
VALENCIA,9109
VADA,9109
UNA,9109
TRINIDAD,9109
TOMASA,9109
TIFFANI,9109
TIARA,9109
TANA,9109
TAMELA,9109
SUZAN,9109
SHAYLA,9109
SHANDA,9109
SANTA,9109
SANDI,9109
SAMATHA,9109
RYAN,9109
ROXANNA,9109
ROXANA,9109
ROSEANNE,9109
RETA,9109
RENITA,9109
REINA,9109
RAFAELA,9109
PRICILLA,9109
PILAR,9109
PHILLIS,9109
PEARLINE,9109
PAULINA,9109
ORALIA,9109
NOEL,9109
MISSY,9109
MIRNA,9109
MELODIE,9109
MELLISSA,9109
MAYME,9109
MAYA,9109
MATILDE,9109
MARJORY,9109
MARGE,9109
MARCELA,9109
MANDI,9109
MADONNA,9109
LYN,9109
LURA,9109
LORRI,9109
LETTIE,9109
LEOTA,9109
LAURETTA,9109
LARISSA,9109
KYLIE,9109
KRISTAL,9109
KISHA,9109
KIRA,9109
KERRIE,9109
JUNG,9109
JAYME,9109
ISABELL,9109
IONE,9109
INDIA,9109
HAYDEE,9109
HARRIETTE,9109
GISELA,9109
GILLIAN,9109
FLOR,9109
FILOMENA,9109
FELICITA,9109
EVETTE,9109
ERLINDA,9109
ELYSE,9109
ELOUISE,9109
ELLIE,9109
ELISSA,9109
DORRIS,9109
DOMINGA,9109
DELOIS,9109
DAVID,9109
DAMARIS,9109
DALIA,9109
CRUZ,9109
CRISTY,9109
CORI,9109
CHRISTAL,9109
CHARLIE,9109
CHARLES,9109
CHARLA,9109
CATHRINE,9109
CATHARINE,9109
CARROLL,9109
CARMELITA,9109
CARMEL,9109
CARIDAD,9109
CANDIDA,9109
BREANNA,9109
BETTINA,9109
BERNIECE,9109
BELVA,9109
BELLA,9109
BARB,9109
ARETHA,9109
ANNETTA,9109
ANNEMARIE,9109
ALVINA,9109
ALVA,9109
ALINA,9109
ALEXA,9109
ALETHA,9109
YADIRA,7590
VIVIANA,7590
VIOLETA,7590
VIKKI,7590
VERLA,7590
VENESSA,7590
VELDA,7590
VALORIE,7590
VALENTINA,7590
TYRA,7590
TWYLA,7590
TRISTA,7590
TOSHA,7590
TONJA,7590
TIANA,7590
THEDA,7590
THEA,7590
TENA,7590
TATIANA,7590
SUZANNA,7590
SUNNY,7590
STEPHENIE,7590
STEPHANY,7590
STACIA,7590
SHELLI,7590
SHARYN,7590
SHARONDA,7590
SHANTEL,7590
SHANON,7590
SAMMIE,7590
SABINA,7590
ROXANN,7590
ROSELYN,7590
ROSALINA,7590
ROSALBA,7590
ROMONA,7590
ROMA,7590
RICHELLE,7590
RENATE,7590
RENATA,7590
RAY,7590
RAVEN,7590
PRINCESS,7590
PRECIOUS,7590
PHILOMENA,7590
PERLA,7590
ONA,7590
OLETA,7590
NIKITA,7590
NIKI,7590
NICKI,7590
NEREIDA,7590
NEDRA,7590
NATHALIE,7590
NAKIA,7590
MYRTIS,7590
MOZELLE,7590
MISTI,7590
MIMI,7590
MICAELA,7590
MI,7590
MELVINA,7590
MEI,7590
MAUD,7590
MARLYS,7590
MARLYN,7590
MARLENA,7590
MARIAM,7590
MARIAH,7590
MARCELLE,7590
MAJORIE,7590
MAGDA,7590
LUCILA,7590
LUANNE,7590
LOUIS,7590
LOUANN,7590
LORINE,7590
LOREN,7590
LONNIE,7590
LIZETTE,7590
LINDY,7590
LIA,7590
LEONORA,7590
LEONE,7590
LEILANI,7590
LAVERN,7590
LATRICIA,7590
LATONIA,7590
LAQUITA,7590
LAN,7590
KYLA,7590
KIA,7590
KESHIA,7590
KESHA,7590
KARON,7590
KAROL,7590
JULIANNA,7590
JULI,7590
JOVITA,7590
JOSETTE,7590
JOSEPH,7590
JOHNNA,7590
JOELLE,7590
JOE,7590
JESICA,7590
JEANA,7590
JANNETTE,7590
JACQUELIN,7590
JACQUE,7590
IVORY,7590
IVONNE,7590
IMA,7590
IDELLA,7590
HILDEGARD,7590
HERLINDA,7590
HELLEN,7590
HAYLEY,7590
GREGORIA,7590
GINNY,7590
GERTIE,7590
GERRY,7590
GERRI,7590
GEORGIANNA,7590
GEORGIANA,7590
GEORGE,7590
GENOVEVA,7590
GENE,7590
GAYE,7590
GABRIELLA,7590
FLOY,7590
FABIOLA,7590
EULALIA,7590
EASTER,7590
DULCE,7590
DOVIE,7590
DORTHA,7590
DORENE,7590
DORCAS,7590
DONNIE,7590
DELFINA,7590
DEBRAH,7590
DEBI,7590
DARLEEN,7590
DANITA,7590
DANIEL,7590
DANELLE,7590
CRISTAL,7590
CORRIE,7590
COREY,7590
CORDELIA,7590
COLLETTE,7590
CLEMENTINE,7590
CHIQUITA,7590
CHASTITY,7590
CHARLINE,7590
CHARLEEN,7590
CHANTAL,7590
CHANEL,7590
CECIL,7590
CARROL,7590
CANDI,7590
BRENNA,7590
BLAIR,7590
BELEN,7590
AURA,7590
ASIA,7590
ARIANA,7590
ANTONETTE,7590
ANNAMARIE,7590
ANISSA,7590
ANDRIA,7590
ANDRA,7590
ALPHA,7590
ALAINA,7590
ADELL,7590
ZORAIDA,6072
ZOLA,6072
YOSHIKO,6072
YOLONDA,6072
YASMIN,6072
XIOMARA,6072
WINNIFRED,6072
WINDY,6072
VICKEY,6072
VERGIE,6072
VENITA,6072
TRESSA,6072
TRESA,6072
TRENA,6072
TOYA,6072
TONY,6072
TOMEKA,6072
TOBY,6072
TIFFANIE,6072
TIERRA,6072
THUY,6072
TERESSA,6072
TERESE,6072
TEENA,6072
TAWNYA,6072
TAWANDA,6072
SUSANNAH,6072
STARR,6072
STARLA,6072
SOON,6072
SIDNEY,6072
SHIRLENE,6072
SHERRILL,6072
SHERITA,6072
SHERIE,6072
SHAYNA,6072
SHARLA,6072
SHARA,6072
SHANTE,6072
SHANTA,6072
SHAMIKA,6072
SHAMEKA,6072
SHALONDA,6072
SHAINA,6072
SCARLETT,6072
SANTOS,6072
SANJUANITA,6072
SANJUANA,6072
SALINA,6072
RUTHANN,6072
RUBYE,6072
ROXANE,6072
ROSINA,6072
ROSEANNA,6072
RONNIE,6072
RONA,6072
RICHARD,6072
RHIANNON,6072
PRUDENCE,6072
PHYLISS,6072
PHYLIS,6072
PHUONG,6072
PENNIE,6072
PEGGIE,6072
ORPHA,6072
OK,6072
NYDIA,6072
NOVELLA,6072
NOVA,6072
NILA,6072
NICOLA,6072
NENA,6072
NATIVIDAD,6072
NANNETTE,6072
NANCI,6072
MYRIAM,6072
MITTIE,6072
MIRIAN,6072
MIREYA,6072
MICKEY,6072
META,6072
MELONY,6072
MELINA,6072
MEAGHAN,6072
MAYBELLE,6072
MAXIE,6072
MARYLIN,6072
MARVEL,6072
MARTY,6072
MARTI,6072
MARQUERITE,6072
MARNIE,6072
MARK,6072
MARITA,6072
MARILEE,6072
MARIANN,6072
MARGARETTE,6072
MARCELINA,6072
MARANDA,6072
MAGNOLIA,6072
MAGDALENE,6072
MACKENZIE,6072
LYNDSEY,6072
LULU,6072
LUCIE,6072
LOVIE,6072
LORENZA,6072
LIZBETH,6072
LIZABETH,6072
LISSETTE,6072
LISETTE,6072
LISE,6072
LINNIE,6072
LINNEA,6072
LIDA,6072
LEISA,6072
LEATRICE,6072
LAVON,6072
LAVINA,6072
LAURETTE,6072
LAUREEN,6072
LATOSHA,6072
LASHANDA,6072
LAKESHIA,6072
LACIE,6072
KYUNG,6072
KYRA,6072
KYONG,6072
KYLE,6072
KORI,6072
KENDALL,6072
KEELY,6072
KASSANDRA,6072
KAROLYN,6072
KARISSA,6072
KAMI,6072
KALA,6072
JOYCELYN,6072
JOSEPHINA,6072
JONNIE,6072
JOLEEN,6072
JOELLEN,6072
JOANIE,6072
JERRIE,6072
JENNI,6072
JENNETTE,6072
JENIFFER,6072
JENELLE,6072
JEANETTA,6072
JEANE,6072
JANINA,6072
JANEEN,6072
JAMILA,6072
JAIMIE,6072
JADA,6072
IRA,6072
INGE,6072
ILSE,6072
ILEANA,6072
HORTENSE,6072
HONG,6072
HOLLI,6072
HERMELINDA,6072
HAILEY,6072
GISELLE,6072
GERDA,6072
GEORGIE,6072
GARNET,6072
FLORIDA,6072
FELISHA,6072
FELIPA,6072
FELICITAS,6072
FAWN,6072
FARRAH,6072
EVONNE,6072
EVIE,6072
ERA,6072
ENRIQUETA,6072
ENA,6072
ELIZEBETH,6072
ELENOR,6072
ELAINA,6072
EDIE,6072
DORINDA,6072
DORI,6072
DONITA,6072
DIAN,6072
DEVIN,6072
DAWNA,6072
DARIA,6072
DARCI,6072
DANIELLA,6072
CRISTINE,6072
CORY,6072
CORINNA,6072
CORAL,6072
CINTHIA,6072
CHRISSY,6072
CHERYLE,6072
CHERLY,6072
CHELSIE,6072
CHARISSE,6072
CHANDA,6072
CATINA,6072
CATHIE,6072
CARYL,6072
CARY,6072
CAROLEE,6072
CARMAN,6072
CARLOTTA,6072
CARLEEN,6072
CARINA,6072
CANDELARIA,6072
CAITLYN,6072
BROOK,6072
BRITTANI,6072
BRIGETTE,6072
BONNY,6072
BLANCH,6072
BILLY,6072
BERNITA,6072
BAMBI,6072
ASTRID,6072
ASHTON,6072
ARTIE,6072
ARMIDA,6072
ARDITH,6072
ARDIS,6072
ARACELY,6072
ANH,6072
ANABEL,6072
AMI,6072
ALTAGRACIA,6072
ALETA,6072
ALESIA,6072
ALESHA,6072
ALDA,6072
ALBINA,6072
ALANNA,6072
ADRIANNA,6072
ADRIANE,6072
ADELAIDA,6072
ABBEY,6072
ZULMA,4554
ZULA,4554
ZORA,4554
ZONA,4554
ZINA,4554
ZENOBIA,4554
ZENA,4554
ZANDRA,4554
ZAIDA,4554
YU,4554
YOKO,4554
YETTA,4554
WYNONA,4554
WILLENE,4554
WANITA,4554
VONNIE,4554
VIVA,4554
VITA,4554
VINA,4554
VICENTA,4554
VERONA,4554
VERNITA,4554
VERNIE,4554
VELVA,4554
VELIA,4554
VAN,4554
TRISH,4554
TRESSIE,4554
TRACEE,4554
TOMMY,4554
TIFFINY,4554
THOMASINA,4554
THOMAS,4554
THERSA,4554
TESS,4554
TEODORA,4554
TENISHA,4554
TAWANNA,4554
TARSHA,4554
TANIKA,4554
TANGELA,4554
TANESHA,4554
TAMIKO,4554
TAMIE,4554
TAMATHA,4554
TAMAR,4554
TALIA,4554
SYBLE,4554
SUZY,4554
SUZIE,4554
SUSANN,4554
SUNSHINE,4554
SU,4554
STORMY,4554
STEPHINE,4554
STEPHANI,4554
STEPHAINE,4554
STEFANI,4554
STAR,4554
SIOBHAN,4554
SIMONA,4554
SIGRID,4554
SIBYL,4554
SHIRLY,4554
SHIRLEE,4554
SHERRYL,4554
SHERRON,4554
SHERON,4554
SHERILYN,4554
SHENA,4554
SHAY,4554
SHAWANDA,4554
SHASTA,4554
SHAREN,4554
SHAREE,4554
SHANTELL,4554
SHANNAN,4554
SHANITA,4554
SHANIKA,4554
SHANI,4554
SHANELL,4554
SHANDRA,4554
SARITA,4554
SADE,4554
SABRA,4554
SABINE,4554
RUFINA,4554
ROSAURA,4554
ROSARIA,4554
ROSALVA,4554
ROSALINE,4554
RONNA,4554
ROMANA,4554
ROLANDA,4554
RINA,4554
RENEA,4554
REGAN,4554
RASHIDA,4554
RANDY,4554
RANDA,4554
RACQUEL,4554
PINKIE,4554
PAUL,4554
PATRICK,4554
PARIS,4554
PAOLA,4554
PALMA,4554
PAGE,4554
OUIDA,4554
OTILIA,4554
OLIVA,4554
ODETTE,4554
ODELL,4554
OCIE,4554
NUMBERS,4554
NORINE,4554
NORENE,4554
NOELIA,4554
NINFA,4554
NILSA,4554
NIDIA,4554
NICOLETTE,4554
NICOLASA,4554
NICHOL,4554
NICHELLE,4554
NIA,4554
NELLE,4554
NELLA,4554
NELIDA,4554
NAKISHA,4554
NADA,4554
MYRTICE,4554
MYONG,4554
MY,4554
MOZELL,4554
MOIRA,4554
MODESTA,4554
MIRTA,4554
MIRA,4554
MINDI,4554
MILISSA,4554
MICKIE,4554
MERYL,4554
MERCY,4554
MELONIE,4554
MEG,4554
MEE,4554
MECHELLE,4554
MAZIE,4554
MATHILDA,4554
MARYLYN,4554
MARYLEE,4554
MARYJO,4554
MARTINE,4554
MARRY,4554
MARLO,4554
MARILOU,4554
MARIELA,4554
MARIBETH,4554
MARGARETE,4554
MALIA,4554
MAIRA,4554
MAEGAN,4554
MADISON,4554
MACHELLE,4554
LYNDSAY,4554
LYLA,4554
LYDA,4554
LUPITA,4554
LUE,4554
LUCIENNE,4554
LUCIANA,4554
LUANA,4554
LU,4554
LORRETTA,4554
LORINDA,4554
LORELEI,4554
LOREEN,4554
LITA,4554
LISSA,4554
LINSEY,4554
LINH,4554
LINETTE,4554
LIN,4554
LIANE,4554
LIANA,4554
LI,4554
LESLI,4554
LESLEE,4554
LENNIE,4554
LEESA,4554
LEDA,4554
LEATHA,4554
LEANDRA,4554
LAVONDA,4554
LAVINIA,4554
LAVADA,4554
LAURENE,4554
LARUE,4554
LANITA,4554
LANI,4554
LANETTE,4554
LAI,4554
LACI,4554
KYLEE,4554
KUM,4554
KRYSTYNA,4554
KRISTYN,4554
KRISTIAN,4554
KRISTAN,4554
KIZZY,4554
KIRSTIN,4554
KIMBERELY,4554
KIARA,4554
KENYATTA,4554
KENNA,4554
KELSIE,4554
KELI,4554
KEIKO,4554
KECIA,4554
KAYLEE,4554
KATHYRN,4554
KATHRYNE,4554
KATHLYN,4554
KATHLENE,4554
KASANDRA,4554
KARRI,4554
KARLENE,4554
KARIE,4554
KARAN,4554
KANDY,4554
KANDICE,4554
KANDI,4554
KANDACE,4554
KACIE,4554
KACI,4554
KACEY,4554
JULISSA,4554
JULIETA,4554
JULIANN,4554
JUDIE,4554
JUAN,4554
JOSE,4554
JONNA,4554
JOLYNN,4554
JOI,4554
JOHNNY,4554
JOHNIE,4554
JOHNETTA,4554
JOEY,4554
JOETTA,4554
JOANA,4554
JETTIE,4554
JERILYN,4554
JERALDINE,4554
JENNIFFER,4554
JAZMIN,4554
JAY,4554
JAUNITA,4554
JANEY,4554
JANENE,4554
JANAE,4554
JAMMIE,4554
JACKELINE,4554
JACINTA,4554
JACALYN,4554
ISELA,4554
IRENA,4554
INGEBORG,4554
INGA,4554
IN,4554
ILONA,4554
ILIANA,4554
IDALIA,4554
HUONG,4554
HULDA,4554
HUI,4554
HORTENSIA,4554
HOA,4554
HETTIE,4554
HEDWIG,4554
GRETTA,4554
GOLDA,4554
GLORY,4554
GLADIS,4554
GISELE,4554
GIOVANNA,4554
GERALYN,4554
GEORGETTA,4554
GEMMA,4554
GAYNELL,4554
GABRIEL,4554
FONDA,4554
FLORENE,4554
FIONA,4554
FERNE,4554
FELISA,4554
FELICE,4554
FELICA,4554
FALLON,4554
EVON,4554
EVELIA,4554
EVALYN,4554
EUN,4554
EUGENIE,4554
ETHELYN,4554
ESTRELLA,4554
ENEDINA,4554
EMOGENE,4554
EMELIA,4554
ELVERA,4554
ELNA,4554
ELMIRA,4554
ELFRIEDE,4554
ELEANORA,4554
ELDORA,4554
ELANA,4554
EDEN,4554
EDELMIRA,4554
EDA,4554
EBONI,4554
EARTHA,4554
DUSTY,4554
DORTHEA,4554
DOROTHA,4554
DOMENICA,4554
DESIRAE,4554
DENNA,4554
DENEEN,4554
DEMETRA,4554
DELPHIA,4554
DELORA,4554
DEDRA,4554
DEBBRA,4554
DEB,4554
DEAN,4554
DAVINA,4554
DAVIDA,4554
DARLINE,4554
DARCIE,4554
DANYELLE,4554
DANNIELLE,4554
DANIELE,4554
DANICA,4554
DANI,4554
CYTHIA,4554
CYNDI,4554
CRISTIN,4554
CRISTI,4554
CORRINA,4554
CORENE,4554
CORAZON,4554
CLYDE,4554
CLETA,4554
CLARIBEL,4554
CLAIR,4554
CINDA,4554
CIERRA,4554
CIARA,4554
CHUN,4554
CHRISTOPHER,4554
CHRISTIANE,4554
CHRISTIANA,4554
CHRISTENE,4554
CHRISTEL,4554
CHEYENNE,4554
CHERRIE,4554
CHERRI,4554
CHERISE,4554
CHAROLETTE,4554
CHARLETTE,4554
CHARISSA,4554
CHANTELLE,4554
CHANA,4554
CECILY,4554
CATHI,4554
CASSIDY,4554
CARRI,4554
CARON,4554
CAROLYNN,4554
CAROLANN,4554
CARMA,4554
CARLYN,4554
CARLOTA,4554
CARIN,4554
CANDIS,4554
CANDANCE,4554
CAMI,4554
CAMERON,4554
BUFFY,4554
BRITT,4554
BREE,4554
BREANNE,4554
BRANDEE,4554
BOBBYE,4554
BERENICE,4554
BEA,4554
BARBIE,4554
BAILEY,4554
AYESHA,4554
AWILDA,4554
AUREA,4554
AUGUSTINE,4554
AUDRY,4554
ASHLY,4554
ASHLIE,4554
ASHELY,4554
ASHA,4554
ARLETTE,4554
ARIELLE,4554
ARCELIA,4554
ANTONINA,4554
ANTHONY,4554
ANNELIESE,4554
ANNABEL,4554
ANITRA,4554
ANIKA,4554
ANGLEA,4554
ANGELLA,4554
ANASTACIA,4554
AMERICA,4554
AMADA,4554
ALYSIA,4554
ALYCIA,4554
ALMEDA,4554
ALIDA,4554
ALEXIA,4554
ALETHEA,4554
ALENA,4554
ALBERTINE,4554
ALBERTHA,4554
AJA,4554
AGUSTINA,4554
AFTON,4554
ADRIA,4554
ADINA,4554
ADELLE,4554
ADELLA,4554
ADELIA,4554
ZULEMA,3036
ZOFIA,3036
ZITA,3036
YUN,3036
YUKO,3036
YUKIKO,3036
YOLANDO,3036
YOLANDE,3036
YING,3036
YI,3036
YEN,3036
YEE,3036
YANIRA,3036
YANG,3036
YAN,3036
WONDA,3036
WILLIA,3036
WILLETTE,3036
WEI,3036
WALTRAUD,3036
WALTER,3036
WAI,3036
VIVIENNE,3036
VIVIEN,3036
VIVAN,3036
VIOLETTE,3036
VINNIE,3036
VINCENZA,3036
VETA,3036
VERSIE,3036
VERNETTA,3036
VERLIE,3036
VERLENE,3036
VERENA,3036
VERDIE,3036
VERDELL,3036
VEOLA,3036
VENICE,3036
VENA,3036
VELVET,3036
VELLA,3036
VANNESSA,3036
VANITA,3036
VANESA,3036
VANDA,3036
VALLIE,3036
VALERY,3036
VALDA,3036
VAL,3036
USHA,3036
TYLER,3036
TYESHA,3036
TWANA,3036
TUYET,3036
TRULA,3036
TRUDIE,3036
TRUDI,3036
TRISTAN,3036
TRINITY,3036
TRANG,3036
TOWANDA,3036
TOSHIKO,3036
TONIE,3036
TONDA,3036
TOMOKO,3036
TOMIKA,3036
TINY,3036
TIESHA,3036
TIANNA,3036
THU,3036
THRESA,3036
THOMASINE,3036
THERESIA,3036
THEOLA,3036
THEO,3036
THAO,3036
THANH,3036
THALIA,3036
TESHA,3036
TERRESA,3036
TEREASA,3036
TEQUILA,3036
TENNILLE,3036
TENNIE,3036
TEMEKA,3036
TAWNY,3036
TASHIA,3036
TARAH,3036
TANNA,3036
TANJA,3036
TAMMARA,3036
TAMICA,3036
TAMESHA,3036
TAMEKIA,3036
TAMEIKA,3036
TAMALA,3036
TAM,3036
TALITHA,3036
TALISHA,3036
TAKISHA,3036
TABETHA,3036
SYREETA,3036
SYNTHIA,3036
SUZANN,3036
SUNG,3036
SUK,3036
SUELLEN,3036
SUEANN,3036
SUDIE,3036
STEVIE,3036
STEVEN,3036
STEPHEN,3036
STEPHANE,3036
STEFFANIE,3036
STEFANIA,3036
SPRING,3036
SORAYA,3036
SOOK,3036
SOO,3036
SONG,3036
SON,3036
SOMMER,3036
SOLANGE,3036
SO,3036
SLYVIA,3036
SKYE,3036
SINDY,3036
SILVANA,3036
SILVA,3036
SIGNE,3036
SHU,3036
SHOSHANA,3036
SHONNA,3036
SHONA,3036
SHIRLEEN,3036
SHIRA,3036
SHERY,3036
SHERRELL,3036
SHERLYN,3036
SHERLY,3036
SHERLEY,3036
SHENITA,3036
SHEMIKA,3036
SHELBA,3036
SHELA,3036
SHEILAH,3036
SHEA,3036
SHAWNNA,3036
SHAWNEE,3036
SHAWNDA,3036
SHAWANA,3036
SHAVONNE,3036
SHAVON,3036
SHAUNNA,3036
SHAUN,3036
SHARYL,3036
SHARLEEN,3036
SHARITA,3036
SHANICE,3036
SHANELLE,3036
SHANEKA,3036
SHANE,3036
SHAKIRA,3036
SHA,3036
SERINA,3036
SELENE,3036
SEBRINA,3036
SEAN,3036
SCOTT,3036
SCARLET,3036
SAVANNA,3036
SARINA,3036
SARI,3036
SANTINA,3036
SANTANA,3036
SANORA,3036
SANG,3036
SAMIRA,3036
SAMARA,3036
SAM,3036
SALOME,3036
SALENA,3036
SACHIKO,3036
RUDY,3036
RUBIE,3036
ROZELLA,3036
ROSIA,3036
ROSANN,3036
ROSANA,3036
ROSAMOND,3036
RONNI,3036
RONI,3036
RONALD,3036
ROMELIA,3036
ROMAINE,3036
ROCHELL,3036
RISA,3036
RIKKI,3036
RETTA,3036
RENETTA,3036
REMEDIOS,3036
REIKO,3036
REGENIA,3036
REGENA,3036
REFUGIO,3036
REDA,3036
REBBECCA,3036
REBBECA,3036
REATHA,3036
RAYNA,3036
RAYLENE,3036
RAYE,3036
RASHEEDA,3036
RANDEE,3036
RANAE,3036
RANA,3036
RAMONITA,3036
RAINA,3036
RAEANN,3036
RACHELL,3036
RACHELE,3036
QUIANA,3036
QUEENIE,3036
QIANA,3036
PORSHA,3036
PIPER,3036
PIEDAD,3036
PIA,3036
PETRINA,3036
PERRY,3036
PENNI,3036
PENNEY,3036
PEARLENE,3036
PEARLE,3036
PAULETTA,3036
PATRINA,3036
PATIENCE,3036
PARTICIA,3036
PANDORA,3036
PAMELLA,3036
PAMELIA,3036
OZELLA,3036
OSSIE,3036
ONEIDA,3036
OMEGA,3036
OLYMPIA,3036
ODILIA,3036
OBDULIA,3036
NYLA,3036
NORMAN,3036
NORAH,3036
NOMA,3036
NOELLA,3036
NIKOLE,3036
NIKIA,3036
NIEVES,3036
NICOLLE,3036
NICOL,3036
NICKY,3036
NICKOLE,3036
NICKIE,3036
NGOC,3036
NGA,3036
NETA,3036
NERISSA,3036
NEOMA,3036
NELIA,3036
NATOSHA,3036
NARCISA,3036
NAOMA,3036
NANCIE,3036
NANA,3036
NAKITA,3036
MYUNG,3036
MYRTIE,3036
MYRLE,3036
MUI,3036
MOZELLA,3036
MONSERRATE,3036
MIRTHA,3036
MIREILLE,3036
MINNA,3036
MINH,3036
MIN,3036
MILAGRO,3036
MILA,3036
MIKKI,3036
MIKA,3036
MIGUELINA,3036
MICKI,3036
MICHIKO,3036
MICHELINE,3036
MICHEL,3036
MICHEAL,3036
MICHAL,3036
MICAH,3036
MERRI,3036
MERNA,3036
MERLENE,3036
MERILYN,3036
MERIDITH,3036
MERI,3036
MELYNDA,3036
MELLIE,3036
MELISSIA,3036
MELANY,3036
MELAINE,3036
MEGHANN,3036
MEGGAN,3036
MCKENZIE,3036
MAYE,3036
MAYBELL,3036
MAURICE,3036
MATTHEW,3036
MATHILDE,3036
MASAKO,3036
MARYAM,3036
MARYALICE,3036
MARYA,3036
MARTIN,3036
MARQUETTA,3036
MARNI,3036
MARNA,3036
MARLEN,3036
MARLEEN,3036
MARLANA,3036
MARKITA,3036
MARIO,3036
MARILU,3036
MARIEL,3036
MARGURITE,3036
MARGUERITA,3036
MARGORIE,3036
MARGIT,3036
MARGET,3036
MARGERET,3036
MARGART,3036
MARGARITE,3036
MARGARETTA,3036
MARGARETT,3036
MARGARETA,3036
MAREN,3036
MARCELINE,3036
MAPLE,3036
MANDA,3036
MANA,3036
MAMMIE,3036
MALISA,3036
MALIKA,3036
MAIDA,3036
MAIA,3036
MAGEN,3036
MAGDALEN,3036
MAGARET,3036
MAGAN,3036
MAGALY,3036
MADLYN,3036
MADIE,3036
MADALYN,3036
MADALINE,3036
MACY,3036
MACIE,3036
LYNSEY,3036
LYNELLE,3036
LYNELL,3036
LUVENIA,3036
LURLINE,3036
LUNA,3036
LUISE,3036
LUIS,3036
LUDIE,3036
LUCRECIA,3036
LUCINA,3036
LOYCE,3036
LOVELLA,3036
LOUVENIA,3036
LOUIE,3036
LOUANNE,3036
LORY,3036
LORIANN,3036
LOREE,3036
LORE,3036
LONNA,3036
LONI,3036
LOMA,3036
LOIDA,3036
LOAN,3036
LIVIA,3036
LISHA,3036
LISBETH,3036
LING,3036
LILLA,3036
LILI,3036
LIGIA,3036
LIEN,3036
LIBRADA,3036
LIBERTY,3036
LEZLIE,3036
LEXIE,3036
LETTY,3036
LESIA,3036
LERA,3036
LEONORE,3036
LEONILA,3036
LEONIE,3036
LEONARDA,3036
LENNA,3036
LEIGHANN,3036
LEEANNE,3036
LEEANNA,3036
LEANA,3036
LE,3036
LAYLA,3036
LAWANNA,3036
LAWANA,3036
LAVONIA,3036
LAVERNA,3036
LAVERA,3036
LAURINE,3036
LAURICE,3036
LAURE,3036
LAUNA,3036
LATRINA,3036
LATORIA,3036
LATICIA,3036
LATIA,3036
LATESHA,3036
LATASHIA,3036
LASHUNDA,3036
LASANDRA,3036
LARONDA,3036
LARISA,3036
LARHONDA,3036
LARAINE,3036
LARAE,3036
LANELL,3036
LANE,3036
LAILA,3036
LADY,3036
KYMBERLY,3036
KYM,3036
KRYSTA,3036
KRISTEL,3036
KOURTNEY,3036
KIRBY,3036
KINDRA,3036
KIMIKO,3036
KIMBERY,3036
KIMBERLIE,3036
KIMBERLI,3036
KIMBER,3036
KILEY,3036
KIESHA,3036
KIERA,3036
KIANA,3036
KEVIN,3036
KENYETTA,3036
KENNETH,3036
KENISHA,3036
KENA,3036
KELLYE,3036
KELLEE,3036
KELLE,3036
KEESHA,3036
KEENA,3036
KAZUKO,3036
KAYLENE,3036
KAYLEIGH,3036
KAYLEEN,3036
KATTIE,3036
KATRICE,3036
KATLYN,3036
KATIA,3036
KATI,3036
KATHEY,3036
KATHERN,3036
KATHERIN,3036
KATHE,3036
KATHARINA,3036
KATHALEEN,3036
KASSIE,3036
KASIE,3036
KARYL,3036
KARREN,3036
KARMEN,3036
KARMA,3036
KARLEEN,3036
KARL,3036
KARINE,3036
KAREY,3036
KAM,3036
KALI,3036
KALEY,3036
KACY,3036
JUTTA,3036
JUSTIN,3036
JUNITA,3036
JULIENNE,3036
JULIANE,3036
JULIAN,3036
JULEE,3036
JOYE,3036
JOSLYN,3036
JOSELYN,3036
JONELLE,3036
JONELL,3036
JONA,3036
JOLIE,3036
JOLANDA,3036
JOHANA,3036
JOELLA,3036
JOEL,3036
JOEANN,3036
JODEE,3036
JINA,3036
JIN,3036
JIMMY,3036
JESUSA,3036
JESUS,3036
JESSI,3036
JESSENIA,3036
JESENIA,3036
JENNEFER,3036
JENISE,3036
JENINE,3036
JENICE,3036
JENI,3036
JENETTE,3036
JENELL,3036
JEN,3036
JEANENE,3036
JAZMINE,3036
JASON,3036
JANN,3036
JANITA,3036
JANETTA,3036
JANETT,3036
JANETH,3036
JANESSA,3036
JANAY,3036
JAMEY,3036
JALEESA,3036
JAE,3036
JADWIGA,3036
JACQULYN,3036
JACQUILINE,3036
JACQUELYNN,3036
JACQUELYNE,3036
JACQUALINE,3036
JACKI,3036
IVANA,3036
ISIS,3036
ISIDRA,3036
ISAURA,3036
ISA,3036
IRMGARD,3036
IRISH,3036
IRINA,3036
INOCENCIA,3036
INGER,3036
INELL,3036
INDIRA,3036
ILUMINADA,3036
ILDA,3036
ILANA,3036
IGNACIA,3036
IESHA,3036
IDELL,3036
HYUN,3036
HYON,3036
HYE,3036
HYACINTH,3036
HONEY,3036
HOLLIS,3036
HOLLEY,3036
HIROKO,3036
HILMA,3036
HILDRED,3036
HILDEGARDE,3036
HILDE,3036
HILARIA,3036
HERMINE,3036
HERMINA,3036
HENRY,3036
HENRIETTE,3036
HEIDE,3036
HEE,3036
HEDY,3036
HARMONY,3036
HANNELORE,3036
HANH,3036
HANA,3036
HALINA,3036
HAE,3036
HA,3036
GWYN,3036
GWENN,3036
GWENDA,3036
GUDRUN,3036
GRACIA,3036
GLYNDA,3036
GLINDA,3036
GLENNIS,3036
GLENNIE,3036
GLENDORA,3036
GLADY,3036
GIGI,3036
GIA,3036
GERTRUD,3036
GERTHA,3036
GEORGINE,3036
GEORGENE,3036
GENNIE,3036
GENIE,3036
GENIA,3036
GEARLDINE,3036
GAYLENE,3036
GARY,3036
GARNETT,3036
GABRIELE,3036
FUMIKO,3036
FREEDA,3036
FREDIA,3036
FREDERICKA,3036
FREDERICA,3036
FRANK,3036
FRANCOISE,3036
FRANCISCO,3036
FRANCINA,3036
FRANCIE,3036
FRANCE,3036
FLORINDA,3036
FLORETTA,3036
FLORENTINA,3036
FLORENCIA,3036
FLORANCE,3036
FLO,3036
FLAVIA,3036
FERNANDA,3036
FE,3036
FAUSTINA,3036
FARAH,3036
FAE,3036
EXIE,3036
EVELYNE,3036
EVELINE,3036
EVELINA,3036
EVELIN,3036
EVAN,3036
EUGENE,3036
ETHYL,3036
ETHELENE,3036
ESTELL,3036
ESTA,3036
ERMINIA,3036
ERMELINDA,3036
ERLINE,3036
ERLENE,3036
ERINN,3036
ERIC,3036
EPIFANIA,3036
ENOLA,3036
ENEIDA,3036
EMMY,3036
EMMIE,3036
EMILEE,3036
EMIKO,3036
EMELDA,3036
EMA,3036
ELVINA,3036
ELVIE,3036
ELSE,3036
ELOIS,3036
ELODIA,3036
ELLYN,3036
ELLY,3036
ELKE,3036
ELIZBETH,3036
ELICIA,3036
ELIANA,3036
ELENORA,3036
ELENI,3036
ELEASE,3036
ELAYNE,3036
ELANOR,3036
EDWARD,3036
EDDA,3036
ECHO,3036
EARLEEN,3036
EARLEAN,3036
DYAN,3036
DUNG,3036
DRUSILLA,3036
DRUCILLA,3036
DREMA,3036
DREAMA,3036
DOT,3036
DORINE,3036
DORIE,3036
DORIAN,3036
DORATHY,3036
DONYA,3036
DONETTA,3036
DONALD,3036
DOMONIQUE,3036
DOMINQUE,3036
DOLORIS,3036
DIONNA,3036
DIONE,3036
DIMPLE,3036
DIGNA,3036
DIEDRE,3036
DIEDRA,3036
DIAMOND,3036
DEVORAH,3036
DEVORA,3036
DEVONA,3036
DETRA,3036
DESIRE,3036
DENNISE,3036
DENNIS,3036
DENITA,3036
DENISHA,3036
DENESE,3036
DEMETRICE,3036
DELTA,3036
DELPHA,3036
DELL,3036
DELISA,3036
DELINDA,3036
DELICIA,3036
DELENA,3036
DELANA,3036
DEEANN,3036
DEBROAH,3036
DEBBI,3036
DEANE,3036
DEANDRA,3036
DAYLE,3036
DAWNE,3036
DARYL,3036
DARNELL,3036
DARBY,3036
DAPHINE,3036
DANUTA,3036
DANNETTE,3036
DANIKA,3036
DANIA,3036
DANAE,3036
DALLAS,3036
DALILA,3036
DAISEY,3036
DAHLIA,3036
DAGMAR,3036
CRISTIE,3036
CRISTEN,3036
CRISTA,3036
CRISSY,3036
CRISELDA,3036
CORLISS,3036
CORIE,3036
CORETTA,3036
COREEN,3036
CORDIE,3036
CONSUELA,3036
CONCHITA,3036
COLLEN,3036
COLETTA,3036
CODY,3036
CLOTILDE,3036
CLEORA,3036
CLEOPATRA,3036
CLEMMIE,3036
CLEMENTINA,3036
CLARITA,3036
CLARINE,3036
CIERA,3036
CICELY,3036
CHUNG,3036
CHRISTENA,3036
CHRISTEEN,3036
CHIN,3036
CHI,3036
CHERYLL,3036
CHERRYL,3036
CHERISH,3036
CHAYA,3036
CHAU,3036
CHARISE,3036
CHANTELL,3036
CHANTE,3036
CELINE,3036
CELESTINA,3036
CELENA,3036
CECILA,3036
CATHEY,3036
CATERINA,3036
CATARINA,3036
CASIE,3036
CAROLYNE,3036
CARMON,3036
CARMELINA,3036
CARLINE,3036
CARLIE,3036
CARLEY,3036
CARLETTA,3036
CARL,3036
CARISA,3036
CARIE,3036
CAPRICE,3036
CANDYCE,3036
CANDIE,3036
CAMMIE,3036
CAMELIA,3036
BRYNN,3036
BRUNILDA,3036
BRONWYN,3036
BRITTNI,3036
BRITNI,3036
BRITANY,3036
BRINDA,3036
BRIGIDA,3036
BRIGID,3036
BRANDON,3036
BRANDA,3036
BLYTHE,3036
BIRGIT,3036
BILLYE,3036
BEVERLEE,3036
BEV,3036
BETSEY,3036
BETHEL,3036
BETHANN,3036
BERNIE,3036
BERNETTA,3036
BERNEICE,3036
BELIA,3036
BECKIE,3036
BARBERA,3036
BARBAR,3036
BABETTE,3036
BABARA,3036
AZUCENA,3036
AYANNA,3036
AYANA,3036
AVELINA,3036
AUNDREA,3036
AUGUSTINA,3036
AUDREA,3036
AUDIE,3036
ASUNCION,3036
ASSUNTA,3036
ASHLYN,3036
ASHLI,3036
ARVILLA,3036
ARTHUR,3036
ARNITA,3036
ARNETTA,3036
ARMINDA,3036
ARMANDA,3036
ARLETTA,3036
ARLENA,3036
ARLA,3036
ARIE,3036
ARIANNA,3036
ARIANE,3036
ARDELLA,3036
ARDELL,3036
ARACELIS,3036
APRYL,3036
ANYA,3036
ANTONIO,3036
ANTONIETTA,3036
ANNIS,3036
ANNICE,3036
ANNETT,3036
ANNAMAE,3036
ANNALISA,3036
ANNALEE,3036
ANNABELL,3036
ANJANETTE,3036
ANGLE,3036
ANGELO,3036
ANGELIKA,3036
ANGELIC,3036
ANGELES,3036
ANGELENA,3036
ANGELE,3036
ANETTE,3036
ANDREW,3036
ANDREE,3036
ANDRE,3036
AMMIE,3036
AMINA,3036
ALYSHA,3036
ALYSE,3036
ALVERA,3036
ALTHA,3036
ALMETA,3036
ALLINE,3036
ALLEN,3036
ALLEGRA,3036
ALLA,3036
ALIZA,3036
ALIX,3036
ALISIA,3036
ALISHIA,3036
ALISE,3036
ALICA,3036
ALIA,3036
ALI,3036
ALEXANDER,3036
ALEX,3036
ALETHIA,3036
ALEJANDRINA,3036
ALEIDA,3036
ALBERTINA,3036
AKIKO,3036
ADRIENE,3036
ADALINE,3036
AARON,3036
ZONIA,1518
ZETTA,1518
ZENIA,1518
ZANA,1518
ZADA,1518
YVONE,1518
YURIKO,1518
YURI,1518
YUONNE,1518
YUNG,1518
YULANDA,1518
YUKI,1518
YUK,1518
YUETTE,1518
YOULANDA,1518
YOSHIE,1518
YON,1518
YEVETTE,1518
YESSENIA,1518
YER,1518
YELENA,1518
YASUKO,1518
YASMINE,1518
YAJAIRA,1518
YAHAIRA,1518
YAEL,1518
YAEKO,1518
XUAN,1518
XOCHITL,1518
XIAO,1518
XENIA,1518
WYNELL,1518
WINTER,1518
WILLOW,1518
WILLODEAN,1518
WILLIEMAE,1518
WILLETTA,1518
WILLENA,1518
WILHEMINA,1518
WHITLEY,1518
WESLEY,1518
WENONA,1518
WENDOLYN,1518
WENDIE,1518
WEN,1518
WAVA,1518
WANETTA,1518
WANETA,1518
WAN,1518
VONCILE,1518
VIRGIL,1518
VIRGEN,1518
VINITA,1518
VIKI,1518
VICTORINA,1518
VICTOR,1518
VI,1518
VERTIE,1518
VERONIQUE,1518
VERONIKA,1518
VERNON,1518
VERNIA,1518
VERLINE,1518
VENNIE,1518
VENETTA,1518
VASILIKI,1518
VASHTI,1518
VANNESA,1518
VANNA,1518
VANIA,1518
VANETTA,1518
VALRIE,1518
VALERI,1518
VALENTINE,1518
VALENE,1518
UTE,1518
UN,1518
ULRIKE,1518
ULA,1518
TYNISHA,1518
TYISHA,1518
TWANNA,1518
TWANDA,1518
TULA,1518
TU,1518
TROY,1518
TRINH,1518
TREENA,1518
TREASA,1518
TRAVIS,1518
TRAN,1518
TOVA,1518
TOSHIA,1518
TORY,1518
TORRIE,1518
TORRI,1518
TORIE,1518
TORA,1518
TONITA,1518
TONISHA,1518
TONETTE,1518
TONA,1518
TOMMYE,1518
TOMIKO,1518
TOMI,1518
TOI,1518
TOCCARA,1518
TOBIE,1518
TOBI,1518
TISH,1518
TISA,1518
TINISHA,1518
TIMOTHY,1518
TIMIKA,1518
TILDA,1518
TIJUANA,1518
TIFFANEY,1518
TIFANY,1518
TIERA,1518
TIEN,1518
THORA,1518
THOMASENA,1518
THI,1518
THERESSA,1518
TERRILYN,1518
TERRELL,1518
TERISA,1518
TERINA,1518
TERICA,1518
TERESIA,1518
TEOFILA,1518
TENESHA,1518
TEMPLE,1518
TEMPIE,1518
TEMIKA,1518
TELMA,1518
TEISHA,1518
TEGAN,1518
TAYNA,1518
TAWNA,1518
TAUNYA,1518
TATYANA,1518
TATUM,1518
TASIA,1518
TASHINA,1518
TARRA,1518
TARI,1518
TAREN,1518
TANEKA,1518
TANDY,1518
TANDRA,1518
TAMMERA,1518
TAMISHA,1518
TAMBRA,1518
TAMA,1518
TAKAKO,1518
TAJUANA,1518
TAISHA,1518
TAINA,1518
TAI,1518
TA,1518
SYLVIE,1518
SVETLANA,1518
SUZI,1518
SUSY,1518
SUNNI,1518
SUNDAY,1518
SUMIKO,1518
SULEMA,1518
SUANNE,1518
STEPHNIE,1518
STEPHANIA,1518
STEPANIE,1518
STEFANY,1518
STASIA,1518
STACEE,1518
SPARKLE,1518
SONA,1518
SOMER,1518
SOL,1518
SOILA,1518
SIXTA,1518
SIU,1518
SIRENA,1518
SINA,1518
SIMONNE,1518
SIMA,1518
SHYLA,1518
SHONTA,1518
SHONDRA,1518
SHIZUKO,1518
SHIZUE,1518
SHIRL,1518
SHIRELY,1518
SHIN,1518
SHILOH,1518
SHILA,1518
SHERYLL,1518
SHERRIL,1518
SHERLENE,1518
SHERISE,1518
SHERILL,1518
SHERIKA,1518
SHERIDAN,1518
SHERICE,1518
SHERELL,1518
SHERA,1518
SHENNA,1518
SHENIKA,1518
SHEMEKA,1518
SHELLA,1518
SHEBA,1518
SHAYNE,1518
SHAWNTA,1518
SHAWANNA,1518
SHAVONDA,1518
SHAUNTE,1518
SHAUNTA,1518
SHAUNDA,1518
SHARRI,1518
SHAROLYN,1518
SHARMAINE,1518
SHARILYN,1518
SHARIKA,1518
SHARIE,1518
SHARICE,1518
SHARELL,1518
SHARDA,1518
SHARAN,1518
SHAQUITA,1518
SHAQUANA,1518
SHANTI,1518
SHANTELLE,1518
SHANTAY,1518
SHANTAE,1518
SHANIQUA,1518
SHANEL,1518
SHANDI,1518
SHANAE,1518
SHAN,1518
SHALON,1518
SHALANDA,1518
SHALA,1518
SHAKITA,1518
SHAKIA,1518
SHAE,1518
SETSUKO,1518
SERITA,1518
SERAFINA,1518
SEPTEMBER,1518
SENAIDA,1518
SENA,1518
SEEMA,1518
SEE,1518
SEASON,1518
SCOTTIE,1518
SAU,1518
SATURNINA,1518
SARAN,1518
SARAI,1518
SANDIE,1518
SANDEE,1518
SANDA,1518
SANA,1518
SAMUEL,1518
SAMMY,1518
SAMELLA,1518
SALLEY,1518
SAGE,1518
SADYE,1518
SACHA,1518
RYANN,1518
RUTHE,1518
RUTHANNE,1518
RUTHA,1518
RUSSELL,1518
RUBI,1518
ROZANNE,1518
ROYCE,1518
ROY,1518
ROXY,1518
ROSY,1518
ROSSIE,1518
ROSSANA,1518
ROSIO,1518
ROSETTE,1518
ROSENDA,1518
ROSENA,1518
ROSELLE,1518
ROSELINE,1518
ROSELIA,1518
ROSELEE,1518
ROSAMARIA,1518
RORY,1518
ROLANDE,1518
ROCHEL,1518
ROBERTO,1518
ROBENA,1518
ROBBYN,1518
ROBBI,1518
RIVKA,1518
RIVA,1518
RIMA,1518
RICKIE,1518
RICKI,1518
RICARDA,1518
RIA,1518
RHONA,1518
RHEBA,1518
REYNALDA,1518
RESSIE,1518
RENNA,1518
RENDA,1518
RENAY,1518
REMONA,1518
REMA,1518
REITA,1518
REGINIA,1518
REGINE,1518
REFUGIA,1518
REENA,1518
REBECKA,1518
REANNA,1518
REAGAN,1518
REA,1518
RAYMONDE,1518
RAYMOND,1518
RANEE,1518
RAISA,1518
RAGUEL,1518
RAELENE,1518
RACHAL,1518
QUYEN,1518
QUINN,1518
PURA,1518
PROVIDENCIA,1518
PRISCILA,1518
PORSCHE,1518
POK,1518
PING,1518
PHYLICIA,1518
PHUNG,1518
PHEBE,1518
PETRONILA,1518
PETER,1518
PEI,1518
PEG,1518
PEARLY,1518
PAZ,1518
PAULITA,1518
PAULENE,1518
PATRIA,1518
PASTY,1518
PARTHENIA,1518
PAMULA,1518
PAMILA,1518
PALMIRA,1518
PA,1518
OZIE,1518
OZELL,1518
OTHA,1518
OTELIA,1518
OSCAR,1518
ORETHA,1518
ORALEE,1518
ONITA,1518
ONIE,1518
OLINDA,1518
OLIMPIA,1518
OLEVIA,1518
OLENE,1518
ODELIA,1518
ODA,1518
NUBIA,1518
NU,1518
NORIKO,1518
NOHEMI,1518
NOBUKO,1518
NISHA,1518
NIESHA,1518
NIDA,1518
NICHOLLE,1518
NGUYET,1518
NGAN,1518
NEVADA,1518
NERY,1518
NEOMI,1518
NENITA,1518
NEIDA,1518
NEELY,1518
NEDA,1518
NECOLE,1518
NATISHA,1518
NATASHIA,1518
NATALYA,1518
NATACHA,1518
NANCEY,1518
NANCEE,1518
NAM,1518
NAKESHA,1518
NAIDA,1518
NADENE,1518
NA,1518
MYRTA,1518
MYRL,1518
MYESHA,1518
MUOI,1518
MORIAH,1518
MORA,1518
MOON,1518
MONNIE,1518
MONET,1518
MIYOKO,1518
MITZIE,1518
MITSUKO,1518
MITSUE,1518
MITCHELL,1518
MISTIE,1518
MISS,1518
MISHA,1518
MIRELLA,1518
MINTA,1518
MING,1518
MINDA,1518
MILLY,1518
MILDA,1518
MIKI,1518
MIKE,1518
MIKAELA,1518
MIGNON,1518
MIESHA,1518
MICHELINA,1518
MICHAELE,1518
MICHA,1518
MICA,1518
MERTIE,1518
MERRILL,1518
MERRILEE,1518
MERRIE,1518
MERLYN,1518
MERISSA,1518
MERIDETH,1518
MERCEDEZ,1518
MENDY,1518
MELVIN,1518
MELODI,1518
MELODEE,1518
MELITA,1518
MELIDA,1518
MELIA,1518
MELDA,1518
MELANIA,1518
MELANI,1518
MEDA,1518
MAYOLA,1518
MAXIMINA,1518
MAXIMA,1518
MAURITA,1518
MATHA,1518
MARYROSE,1518
MARYLYNN,1518
MARYLOUISE,1518
MARYLN,1518
MARYLAND,1518
MARYETTA,1518
MARYBELLE,1518
MARYANNA,1518
MARX,1518
MARVIS,1518
MARVELLA,1518
MARTH,1518
MARSHALL,1518
MARQUITTA,1518
MARLINE,1518
MARLIN,1518
MARKETTA,1518
MARIVEL,1518
MARISHA,1518
MARIS,1518
MARINE,1518
MARINDA,1518
MARIN,1518
MARIKO,1518
MARIETTE,1518
MARIELLE,1518
MARIELLA,1518
MARICRUZ,1518
MARICA,1518
MARIANELA,1518
MARHTA,1518
MARGY,1518
MARGRETT,1518
MARGHERITA,1518
MARGERT,1518
MARGENE,1518
MARG,1518
MARDELL,1518
MARCHELLE,1518
MARCENE,1518
MARCELL,1518
MARCELENE,1518
MARAGRET,1518
MARAGARET,1518
MAO,1518
MANY,1518
MANIE,1518
MANDIE,1518
MAN,1518
MALVINA,1518
MALORIE,1518
MALLIE,1518
MALKA,1518
MALENA,1518
MAKEDA,1518
MAISIE,1518
MAISHA,1518
MAIRE,1518
MAILE,1518
MAHALIA,1518
MAGALI,1518
MAFALDA,1518
MADELENE,1518
MADELAINE,1518
MADDIE,1518
MADALENE,1518
MABELLE,1518
LYNNA,1518
LYNETTA,1518
LYNDIA,1518
LURLENE,1518
LUETTA,1518
LUDIVINA,1518
LUCILLA,1518
LUCI,1518
LUBA,1518
LUANNA,1518
LOVETTA,1518
LOVE,1518
LOURIE,1518
LOURA,1518
LOUETTA,1518
LORRINE,1518
LORRIANE,1518
LORITA,1518
LORIS,1518
LORINA,1518
LORILEE,1518
LORIA,1518
LORETTE,1518
LORETA,1518
LOREAN,1518
LORALEE,1518
LONDA,1518
LOISE,1518
LOGAN,1518
LIZZETTE,1518
LIZETH,1518
LISANDRA,1518
LISABETH,1518
LINN,1518
LINDSY,1518
LILLIANA,1518
LILLIAM,1518
LILLIA,1518
LILLI,1518
LIESELOTTE,1518
LIBBIE,1518
LIANNE,1518
LEWIS,1518
LETISHA,1518
LESTER,1518
LESHA,1518
LEONTINE,1518
LEONIDA,1518
LEONIA,1518
LEON,1518
LEOMA,1518
LEO,1518
LENITA,1518
LELAH,1518
LEKISHA,1518
LEISHA,1518
LEIGHA,1518
LEIDA,1518
LEIA,1518
LEENA,1518
LECIA,1518
LEANORA,1518
LEAN,1518
LAYNE,1518
LAWRENCE,1518
LAVONNA,1518
LAVONE,1518
LAVONA,1518
LAVETTE,1518
LAVETA,1518
LAVENIA,1518
LAVELLE,1518
LAURYN,1518
LAURINDA,1518
LAURENCE,1518
LAURENA,1518
LAURAN,1518
LAURALEE,1518
LATRISHA,1518
LATOYIA,1518
LATINA,1518
LATARSHA,1518
LASONYA,1518
LASHON,1518
LASHELL,1518
LASHAY,1518
LASHAWNDA,1518
LASHAWNA,1518
LASHAUNDA,1518
LASHAUN,1518
LASHANDRA,1518
LARRY,1518
LARRAINE,1518
LARITA,1518
LAREE,1518
LAQUANDA,1518
LANORA,1518
LANNIE,1518
LANIE,1518
LANG,1518
LANELLE,1518
LAMONICA,1518
LALA,1518
LAKITA,1518
LAKIESHA,1518
LAKIA,1518
LAKENYA,1518
LAKENDRA,1518
LAKEESHA,1518
LAJUANA,1518
LAINE,1518
LAHOMA,1518
LAEL,1518
LADAWN,1518
LACRESHA,1518
LACHELLE,1518
KYOKO,1518
KRYSTINA,1518
KRYSTIN,1518
KRYSTEN,1518
KRISTLE,1518
KRISTEEN,1518
KRISSY,1518
KRISHNA,1518
KORTNEY,1518
KLARA,1518
KIZZIE,1518
KIYOKO,1518
KITTIE,1518
KIT,1518
KIRSTIE,1518
KINA,1518
KIMI,1518
KIMBRA,1518
KIERSTEN,1518
KHALILAH,1518
KHADIJAH,1518
KEVA,1518
KETURAH,1518
KERSTIN,1518
KEREN,1518
KERA,1518
KENIA,1518
KENDAL,1518
KENDA,1518
KEMBERLY,1518
KELSI,1518
KEITHA,1518
KEITH,1518
KEIRA,1518
KEILA,1518
KEELEY,1518
KAYCEE,1518
KAYCE,1518
KATHRIN,1518
KATHLINE,1518
KATHERINA,1518
KATHELEEN,1518
KATHARYN,1518
KATERINE,1518
KATELYNN,1518
KATELIN,1518
KASI,1518
KASHA,1518
KARY,1518
KARRY,1518
KAROLINE,1518
KAROLE,1518
KARLYN,1518
KARLY,1518
KARISA,1518
KARIMA,1518
KARENA,1518
KAREEN,1518
KANISHA,1518
KANESHA,1518
KANDRA,1518
KANDIS,1518
KAMILAH,1518
KAMALA,1518
KALYN,1518
KALLIE,1518
KALEIGH,1518
KAILA,1518
KAI,1518
KA,1518
JUSTA,1518
JUNKO,1518
JUNIE,1518
JULIO,1518
JULIETTA,1518
JULIEANN,1518
JULENE,1518
JULE,1518
JUDE,1518
JOYA,1518
JOVAN,1518
JOSPHINE,1518
JOSHUA,1518
JOSEFINE,1518
JONIE,1518
JONG,1518
JONE,1518
JON,1518
JOLYN,1518
JOLINE,1518
JOIE,1518
JOHNSIE,1518
JOHNETTE,1518
JOHNA,1518
JOHANNE,1518
JOETTE,1518
JOAQUINA,1518
JOANNIE,1518
JOANE,1518
JINNY,1518
JI,1518
JETTA,1518
JESUSITA,1518
JESTINE,1518
JESSIKA,1518
JESSIA,1518
JERRICA,1518
JERLENE,1518
JERICA,1518
JEREMY,1518
JENNINE,1518
JENNELL,1518
JENEVA,1518
JENEE,1518
JENE,1518
JENAE,1518
JEFFREY,1518
JEFFIE,1518
JEANNETTA,1518
JEANMARIE,1518
JEANICE,1518
JEANETT,1518
JEANELLE,1518
JAYNA,1518
JAYMIE,1518
JAYE,1518
JAQUELYN,1518
JANYCE,1518
JANUARY,1518
JANNET,1518
JANISE,1518
JANIECE,1518
JANI,1518
JANELLA,1518
JANEE,1518
JANEAN,1518
JAMIKA,1518
JAMEE,1518
JAME,1518
JAMA,1518
JALISA,1518
JAIMEE,1518
JACQUIE,1518
JACQUI,1518
JACQUETTA,1518
JACKQUELINE,1518
JACKELYN,1518
JACK,1518
JACINDA,1518
JACELYN,1518
IZOLA,1518
IZETTA,1518
IVEY,1518
IVELISSE,1518
ISOBEL,1518
ISADORA,1518
IRAIDA,1518
ILLA,1518
ILEEN,1518
HYO,1518
HWA,1518
HUE,1518
HSIU,1518
HISAKO,1518
HIEN,1518
HIEDI,1518
HERTHA,1518
HERTA,1518
HERMILA,1518
HERMA,1518
HELAINE,1518
HEIKE,1518
HEIDY,1518
HASSIE,1518
HAROLD,1518
HANG,1518
HAN,1518
HALLEY,1518
GWYNETH,1518
GRISEL,1518
GRICELDA,1518
GREGORY,1518
GRAZYNA,1518
GRAYCE,1518
GOLDEN,1518
GLYNIS,1518
GLENN,1518
GLAYDS,1518
GIUSEPPINA,1518
GITA,1518
GINETTE,1518
GILMA,1518
GILBERTE,1518
GIDGET,1518
GIANNA,1518
GHISLAINE,1518
GERTUDE,1518
GERTRUDIS,1518
GERALD,1518
GEORGIANNE,1518
GEORGIANN,1518
GEORGEANNA,1518
GEORGEANN,1518
GEORGANN,1518
GENNY,1518
GENNA,1518
GENEVIVE,1518
GENEVIE,1518
GENESIS,1518
GEMA,1518
GAYNELLE,1518
GALINA,1518
GALA,1518
FRIDA,1518
FREDRICKA,1518
FREDDA,1518
FRED,1518
FRANSISCA,1518
FRANCHESCA,1518
FRANCENE,1518
FLORRIE,1518
FLORIA,1518
FLETA,1518
FIDELIA,1518
FIDELA,1518
FERNANDE,1518
FERMINA,1518
FELICIDAD,1518
FAVIOLA,1518
FATIMAH,1518
FAIRY,1518
EWA,1518
EVITA,1518
EVIA,1518
EVELYNN,1518
EUSTOLIA,1518
EUSEBIA,1518
EURA,1518
EUNA,1518
EULAH,1518
EUGENA,1518
EUFEMIA,1518
ETTIE,1518
ETSUKO,1518
ETHA,1518
ESTEFANA,1518
ERYN,1518
ENDA,1518
EMMALINE,1518
EMERITA,1518
EMERALD,1518
EMELY,1518
EMELINE,1518
EMELINA,1518
ELZA,1518
ELWANDA,1518
ELSY,1518
ELMER,1518
ELLIS,1518
ELLI,1518
ELLENA,1518
ELLAN,1518
ELLAMAE,1518
ELIZABET,1518
ELIZ,1518
ELINORE,1518
ELINA,1518
ELIN,1518
ELIDIA,1518
ELFRIEDA,1518
ELFREDA,1518
ELEONORE,1518
ELEONORA,1518
ELEONOR,1518
ELENORE,1518
ELENE,1518
ELANE,1518
ELADIA,1518
ELA,1518
EILENE,1518
EHTEL,1518
EDYTH,1518
EDRIS,1518
EDRA,1518
EBONIE,1518
EARLIE,1518
DWANA,1518
DUSTI,1518
DULCIE,1518
DREW,1518
DOTTY,1518
DORTHEY,1518
DORLA,1518
DORIA,1518
DORETTA,1518
DORETHEA,1518
DOREATHA,1518
DONNETTE,1518
DONNETTA,1518
DONG,1518
DONETTE,1518
DONELLA,1518
DOMITILA,1518
DOMINICA,1518
DODIE,1518
DIVINA,1518
DION,1518
DINORAH,1518
DIERDRE,1518
DIA,1518
DESPINA,1518
DEONNA,1518
DEON,1518
DENYSE,1518
DENNY,1518
DENISSE,1518
DENAE,1518
DEMETRIUS,1518
DELSIE,1518
DELORSE,1518
DELORAS,1518
DELOISE,1518
DELMY,1518
DELILA,1518
DELCIE,1518
DELAINE,1518
DEJA,1518
DEETTA,1518
DEEDRA,1518
DEEDEE,1518
DEEANNA,1518
DEDE,1518
DEBERA,1518
DEANDREA,1518
DEADRA,1518
DAYSI,1518
DARLENA,1518
DARCEY,1518
DARCEL,1518
DANYELL,1518
DANYEL,1518
DANNIE,1518
DANN,1518
DANILLE,1518
DANIELL,1518
DAN,1518
DALENE,1518
DAKOTA,1518
DAINE,1518
DAINA,1518
DAGNY,1518
DACIA,1518
CYRSTAL,1518
CYNDY,1518
CURTIS,1518
CUC,1518
CRYSTLE,1518
CRYSTA,1518
CRIS,1518
CREOLA,1518
CORRINNE,1518
CORRIN,1518
CORDIA,1518
CORALIE,1518
CORALEE,1518
CONTESSA,1518
CONCHA,1518
CONCEPTION,1518
COLLENE,1518
COLENE,1518
COLBY,1518
CODI,1518
CLORINDA,1518
CLORA,1518
CLEOTILDE,1518
CLEMENCIA,1518
CLELIA,1518
CLAUDIE,1518
CLAUDE,1518
CLASSIE,1518
CLARISA,1518
CLARIS,1518
CLARINDA,1518
CLARETTA,1518
CLARETHA,1518
CLARENCE,1518
CIRA,1518
CINDIE,1518
CINDERELLA,1518
CHU,1518
CHRISTINIA,1518
CHRISTIA,1518
CHING,1518
CHINA,1518
CHIEKO,1518
CHIA,1518
CHERY,1518
CHERLYN,1518
CHERILYN,1518
CHERELLE,1518
CHEREE,1518
CHERE,1518
CHER,1518
CHASSIDY,1518
CHASIDY,1518
CHARMAIN,1518
CHARLYN,1518
CHARLSIE,1518
CHARLOTT,1518
CHARLESETTA,1518
CHARLENA,1518
CHARITA,1518
CHARIS,1518
CHARA,1518
CHANTAY,1518
CHANG,1518
CHANELLE,1518
CHANELL,1518
CHAN,1518
CHAE,1518
CEOLA,1518
CELSA,1518
CELINDA,1518
CELESTA,1518
CECILLE,1518
CAYLA,1518
CATRICE,1518
CATHERYN,1518
CATHERN,1518
CATHERINA,1518
CATHERIN,1518
CASSY,1518
CASSONDRA,1518
CASSI,1518
CASSEY,1518
CASSAUNDRA,1518
CASIMIRA,1518
CARYLON,1518
CARRY,1518
CAROYLN,1518
CAROLL,1518
CAROLIN,1518
CAROLA,1518
CARMINA,1518
CARMELIA,1518
CARLOS,1518
CARLITA,1518
CARLI,1518
CARLENA,1518
CARLEE,1518
CARITA,1518
CANDRA,1518
CAMMY,1518
CAMILA,1518
CAMIE,1518
CAMELLIA,1518
CALISTA,1518
CALANDRA,1518
BURMA,1518
BUNNY,1518
BULAH,1518
BULA,1518
BUENA,1518
BRYANNA,1518
BRUNA,1518
BRITTNY,1518
BRITTENY,1518
BRITTANIE,1518
BRITTANEY,1518
BRITTA,1518
BRIAN,1518
BRETT,1518
BREANN,1518
BREANA,1518
BRANDE,1518
BONG,1518
BOK,1518
BOBETTE,1518
BLOSSOM,1518
BLONDELL,1518
BLAKE,1518
BILLI,1518
BIBI,1518
BEULA,1518
BETTYANN,1518
BETHANIE,1518
BERRY,1518
BERNARDINE,1518
BERNARDINA,1518
BERNARDA,1518
BERNA,1518
BELL,1518
BELKIS,1518
BEE,1518
BECKI,1518
BEBE,1518
BEAULAH,1518
BEATRIS,1518
BEATA,1518
BASILIA,1518
BARRIE,1518
BARI,1518
BARABARA,1518
BAO,1518
AZZIE,1518
AZALEE,1518
AYAKO,1518
AVRIL,1518
AVERY,1518
AUSTIN,1518
AURORE,1518
AUDRIE,1518
AUDRIA,1518
ASLEY,1518
ASHLEA,1518
ASHANTI,1518
ARNETTE,1518
ARMANDINA,1518
ARLYNE,1518
ARLINDA,1518
ARLETHA,1518
ARLEAN,1518
ARICA,1518
ARIANNE,1518
ARGENTINA,1518
ARGELIA,1518
ARDELLE,1518
ARDELIA,1518
ARDATH,1518
ARA,1518
APOLONIA,1518
ANTONETTA,1518
ANNITA,1518
ANNIKA,1518
ANNELLE,1518
ANNAMARIA,1518
ANJELICA,1518
ANJA,1518
ANISHA,1518
ANISA,1518
ANGLA,1518
ANGILA,1518
ANGELYN,1518
ANDERA,1518
ANAMARIA,1518
ANALISA,1518
AN,1518
AMIRA,1518
AMIEE,1518
AMEE,1518
AMBERLY,1518
AMAL,1518
ALYSA,1518
ALVERTA,1518
ALONA,1518
ALLYN,1518
ALLENA,1518
ALLEEN,1518
ALITA,1518
ALFREDIA,1518
ALESSANDRA,1518
ALESHIA,1518
ALEISHA,1518
ALEEN,1518
ALEASE,1518
ALBERT,1518
ALAYNA,1518
ALANE,1518
ALAINE,1518
AKILAH,1518
AILENE,1518
AIKO,1518
AIDE,1518
AGUEDA,1518
AGRIPINA,1518
AGNUS,1518
ADRIEN,1518
ADENA,1518
ADAM,1518
ADAH,1518
